Panama Primera Division Clausura-22,20m,Veraguas CD,CA Independiente,3.6,3.2,1.88
Mexico Liga de Ascenso Apertura-22,8:00,Celaya,Atlante,2.3,2.9,2.9
Argentina Cup Quarter-Final,8:00,Patronato Parana,CA River Plate (ARG),6.6,4,1.4
Brazil Serie B Regular Season-22,8:00,Ponte Preta,Cruzeiro,3.1,2.9,2.2
Brazil Serie A Regular Season-22,8:00,Fluminense RJ,Juventude,1.3,4.8,8.5
Brazil Serie A Regular Season-22,8:00,Fortaleza EC (Brazil),Flamengo,3.1,3.1,2.2
Brazil Serie A Regular Season-22,8:00,Coritiba,Ceara,2.4,3,2.9
Brazil Serie A Regular Season-22,8:00,Corinthians,Atletico Goianiense,1.52,3.6,6
US NISA Regular Season-22,9:00,Chattanooga,ASC San Diego,2.1,3.3,2.9
Panama Primera Division Clausura-22,9:15,Costa del Este FC,Tauro FC,3.1,2.8,2.3
USL Championship Regular Season-22,9:30,Atlanta Utd II,Indy Eleven,3.4,3.6,1.82
Brazil Serie A Regular Season-22,10:00,Cuiaba,America Mineiro,2.35,2.9,3.1
Costa Rica Primera Division Apertura-22,10:00,CS Cartagines,LD Alajuelense,2.8,3.2,2.2
Mexico Liga de Ascenso Apertura-22,10:05,Cancun FC,Alacranes,2.15,3.1,3.1
Brazil Serie B Regular Season-22,10:45,Sport Recife,Nautico Capibaribe,1.52,3.6,5.6
Brazil Serie A Regular Season-22,10:45,Goias,Botafogo RJ,2.6,3,2.6
Brazil Serie A Regular Season-22,10:45,SC Internacional Porto Alegre,Bragantino SP,1.72,3.4,4.6
Brazil Serie A Regular Season-22,10:45,Atletico Mineiro,Palmeiras,2.25,3,3.1
Colombia Copa Final,11:00,CD Junior Barranquilla,CD Los Millonarios,2.25,3,2.9
Costa Rica Primera Division Apertura-22,11:00,Puntarenas,Guadalupe,1.8,3.6,3.4
Argentina Cup Quarter-Final,11:00,Boca Juniors,Quilmes AC,1.48,3.8,5.6
Panama Primera Division Clausura-22,11:30,Plaza Amador,Club Deportivo Arabe Unido,2.05,2.9,3.4
US NISA Regular Season-22,12:00,California Utd,AC Syracuse Pulse,1.28,4.6,8.5
USL Championship Regular Season-22,12:00,Sacramento Republic FC,Phoenix Rising FC,1.6,3.6,4.6
Mexico Liga de Ascenso Apertura-22,12:05,Dorados,Universidad Guadalajara,2.25,3.1,2.8
Costa Rica Primera Division Apertura-22,12:15,Deportivo Saprissa,AD Guanacasteca,1.22,5.6,9.5
China League One Regular Season-22,17:30,Liaoning Shenyang FC,Suzhou Dongwu FC,2.6,3,2.5
China League One Regular Season-22,17:30,Nanjing City,Xinjiang Tianshan Leopard FC,1.4,4.2,6
China League One Regular Season-22,17:30,Sichuan,Nantong Zhiyun,3.3,3.3,1.95
China League One Regular Season-22,17:30,Hebei KungFu,Bit FC,1.09,9.5,14
China Super League Regular Season-22,19:30,Shanghai Port,Chengdu Better City FC,1.9,3.3,3.6
China Super League Regular Season-22,21:30,Wuhan,Cangzhou Mighty Lions,4,3.6,1.72
China Super League Regular Season-22,21:30,Dalian Pro,Shanghai Shenhua,2.5,3.3,2.5
FIFA World Cup,21/11/2022 21:00,Senegal,Netherlands,5.4,3.6,1.63
FIFA World Cup,22/11/2022 00:00,England,Iran,1.31,4.7,10.75
FIFA World Cup,22/11/2022 03:00,Qatar,Ecuador,3.6,3.3,2.04
FIFA World Cup,22/11/2022 06:00,USA,Wales,2.54,3.05,2.85
FIFA World Cup,22/11/2022 21:00,Argentina,Saudi Arabia,1.17,6.4,16.75
FIFA World Cup,23/11/2022 00:00,Denmark,Tunisia,1.47,3.9,7.4
FIFA World Cup,23/11/2022 03:00,Mexico,Poland,2.68,3.05,2.68
FIFA World Cup,23/11/2022 06:00,France,Australia,1.26,6,9.1
FIFA World Cup,23/11/2022 21:00,Morocco,Croatia,4.3,3.3,1.87
FIFA World Cup,24/11/2022 00:00,Germany,Japan,1.37,4.7,7.9
FIFA World Cup,24/11/2022 03:00,Spain,Costa Rica,1.25,5.4,11.75
FIFA World Cup,24/11/2022 06:00,Belgium,Canada,1.29,4.9,10.75
FIFA World Cup,24/11/2022 21:00,Switzerland,Cameroon,1.85,3.25,4.5
FIFA World Cup,25/11/2022 00:00,Uruguay,South Korea,1.85,3.25,4.5
FIFA World Cup,25/11/2022 03:00,Portugal,Ghana,1.5,3.9,7
FIFA World Cup,25/11/2022 06:00,Brazil,Serbia,1.45,4.2,7
FIFA World Cup,25/11/2022 21:00,Wales,Iran,2.14,3.15,3.45
